{"1": 0.3661449147760868, "2": 0.3628991700708866, "3": 0.38536261349916456, "4": 0.35714109748601913, "5": 0.3484090285003185, "6": 0.34456899657845497, "7": 0.35650321543216706, "8": 0.32157375127077104, "9": 0.24769330650568008, "10": 0.23219273798167706}